{
    "position": {
        "x": 0.29827335476875305,
        "y": 0.49931174516677856
    },
    "color": "yellow"
}