{
    "position": {
        "x": 0.7715953707695007,
        "y": 0.5196409225463867
    },
    "color": "yellow"
}