{
    "position": {
        "x": 0.4638681411743163,
        "y": 0.6611003279685974
    },
    "color": "yellow"
}