{
    "position": {
        "x": 0.24967752397060394,
        "y": 0.6366333961486816
    },
    "color": "yellow"
}