{
    "relative_position": {
        "x": 0.5510526315789475,
        "y": 0.4788851351351352
    },
    "color": "blue"
}