{
    "position": {
        "x": 0.45999324321746826,
        "y": 0.4012349247932434
    },
    "color": "yellow"
}