{
    "position": {
        "x": 0.3168473243713379,
        "y": 0.34235796332359314
    },
    "color": "yellow"
}