{
    "position": {
        "x": 0.36657583713531494,
        "y": 0.27239036560058594
    },
    "color": "yellow"
}