{
    "position": {
        "x": 0.5064713358879089,
        "y": 0.464875191450119
    },
    "color": "yellow"
}