{
    "position": {
        "x": 0.5147863626480103,
        "y": 0.18872471153736115
    },
    "color": "yellow"
}