{
    "position": {
        "x": 0.5655694007873535,
        "y": 0.40498748421669006
    },
    "color": "yellow"
}