{
    "position": {
        "x": 0.6074772834777832,
        "y": 0.4406777620315552
    },
    "color": "blue"
}