{
    "position": {
        "x": 0.40796959400177,
        "y": 0.27973535656929016
    },
    "color": "yellow"
}