{
    "position": {
        "x": 0.27655094861984253,
        "y": 0.3325904607772827
    },
    "color": "yellow"
}