{
    "position": {
        "x": 0.43505969643592834,
        "y": 0.3536628782749176
    },
    "color": "yellow"
}