{
    "position": {
        "x": 0.2591566741466522,
        "y": 0.3864981234073639
    },
    "color": "yellow"
}