{
    "position": {
        "x": 0.4838179647922516,
        "y": 0.33054080605506897
    },
    "color": "yellow"
}