{
    "position": {
        "x": 0.2570057511329651,
        "y": 0.4827992022037506
    },
    "color": "yellow"
}