{
    "position": {
        "x": 0.39251893758773804,
        "y": 0.17902638018131256
    },
    "color": "yellow"
}