{
    "position": {
        "x": 0.4638681411743164,
        "y": 0.6611003279685974
    },
    "color": "yellow"
}