{
    "position": {
        "x": 0.49053099751472473,
        "y": 0.21111969649791718
    },
    "color": "yellow"
}